borrower_id,facility_count,total_ead,total_el,portfolio_share,breach_flag,cumulative_share,rank
B003,1,2160000.0,7992.0,0.374318,True,0.374318,1
B004,1,1198500.0,6626.89,0.207694,True,0.582012,2
B001,1,980000.0,1911.0,0.169829,True,0.751841,3
B002,1,761500.0,19335.54,0.131964,True,0.883805,4
B005,1,385500.0,3875.45,0.066805,False,0.95061,5
B006,1,285000.0,342.0,0.049389,False,0.999999,6
