product_type,facility_count,total_limit_amount,total_drawn_balance,total_ead,total_el,avg_pd,avg_lgd,weighted_interest_rate,el_rate
commercial_mortgage,1,2400000.0,2100000.0,2160000.0,7992.0,0.037,0.1,0.0,0.0037
guarantee,1,950000.0,0.0,285000.0,342.0,0.012,0.1,0.0,0.0012
overdraft,1,800000.0,690000.0,761500.0,19335.54,0.0586,0.4333,0.0,0.025391
revolving_working_capital,1,1500000.0,830000.0,1198500.0,6626.89,0.0274,0.2018,0.0,0.005529
term_loan,1,1200000.0,980000.0,980000.0,1911.0,0.0195,0.1,0.0,0.00195
trade_finance,1,600000.0,210000.0,385500.0,3875.45,0.0424,0.2371,0.0,0.010053
Total Portfolio,6,7450000.0,4810000.0,5770500.0,40082.88,0.034011,0.174286,0.0,0.006946
